participants:
- aliases:
  - Arizona
  - Diamondbacks
  - ARI Diamondbacks
  identifier: "Arizona Diamondbacks"
  name:
    en: Arizona Diamondbacks
    sen: Diamondbacks
- aliases:
  - Atlanta
  - Braves
  - ATL Braves
  identifier: "Atlanta Braves"
  name:
    en: Atlanta Braves
    sen: Braves
- aliases:
  - Baltimore
  - Orioles
  - BAL Orioles
  identifier: "Baltimore Orioles"
  name:
    en: Baltimore Orioles
    sen: Orioles
- aliases:
  - Boston
  - Red Sox
  - BOS Red Sox
  identifier: "Boston Red Sox"
  name:
    en: Boston Red Sox
    sen: Red Sox
- aliases:
  - Cubs
  - CHI Cubs
  identifier: "Chicago Cubs"
  name:
    en: Chicago Cubs
    sen: Cubs
- aliases:
  - White Sox
  - CHI White Sox
  identifier: "Chicago White Sox"
  name:
    en: Chicago White Sox
    sen: White Sox
- aliases:
  - Cincinnati
  - Reds
  - CIN Reds
  identifier: "Cincinnati Reds"
  name:
    en: Cincinnati Reds
    sen: Reds
- aliases:
  - Cleveland
  - Indians
  - CLE Indians
  identifier: "Cleveland Indians"
  name:
    en: Cleveland Indians
    sen: Indians
- aliases:
  - Colorado
  - Rockies
  - COL Rockies
  identifier: "Colorado Rockies"
  name:
    en: Colorado Rockies
    sen: Rockies
- aliases:
  - Detroit
  - Tigers
  - DET Tigers
  identifier: "Detroit Tigers"
  name:
    en: Detroit Tigers
    sen: Tigers
- aliases:
  - Houston
  - Astros
  - HOU Astros
  identifier: "Houston Astros"
  name:
    en: Houston Astros
    sen: Astros
- aliases:
  - KC Royals
  - Kansas City
  - Royals
  identifier: "Kansas City Royals"
  name:
    en: Kansas City Royals
    sen: Royals
- aliases:
  - Angels
  - L.A. Angels
  - L. A. Angels
  - LA Angels
  - LAAngels
  - Los Angeles Angels of Anaheim
  - LA Angels of Anaheim
  identifier: "Los Angeles Angels"
  name:
    en: Los Angeles Angels
    sen: Angels
- aliases:
  - Dodgers
  - L.A. Dodgers
  - L. A. Dodgers
  - LA Dodgers
  - LADodgers
  identifier: "Los Angeles Dodgers"
  name:
    en: Los Angeles Dodgers
    sen: Dodgers
- aliases:
  - Miami
  - Marlins
  - MIA Marlins
  identifier: "Miami Marlins"
  name:
    en: Miami Marlins
    sen: Marlins
- aliases:
  - Milwaukee
  - Brewers
  - MIL Brewers
  identifier: "Milwaukee Brewers"
  name:
    en: Milwaukee Brewers
    sen: Brewers
- aliases:
  - Minnesota
  - Twins
  - MIN Twins
  identifier: "Minnesota Twins"
  name:
    en: Minnesota Twins
    sen: Twins
- aliases:
  - NY Mets
  - N.Y. Mets
  - NYMets
  - Mets
  identifier: "New York Mets"
  name:
    en: New York Mets
    sen: Mets
- aliases:
  - NY Yankees
  - N.Y. Yankees
  - NYYankees
  - Yankees
  identifier: "New York Yankees"
  name:
    en: New York Yankees
    sen: Yankees
- aliases:
  - Oakland
  - Athletics
  - OAK Athletics
  identifier: "Oakland Athletics"
  name:
    en: Oakland Athletics
    sen: Athletics
- aliases:
  - Philadelphia
  - Phillies
  - Philadelphia Phil.
  - PHI Phillies
  identifier: "Philadelphia Phillies"
  name:
    en: Philadelphia Phillies
    sen: Phillies
- aliases:
  - Pittsburgh
  - Pirates
  - PIT Pirates
  identifier: "Pittsburgh Pirates"
  name:
    en: Pittsburgh Pirates
    sen: Pirates
- aliases:
  - San Diego
  - Padres
  - SD Padres
  identifier: "San Diego Padres"
  name:
    en: San Diego Padres
    sen: Padres
- aliases:
  - San Francisco
  - Giants
  - SF Giants
  identifier: "San Francisco Giants"
  name:
    en: San Francisco Giants
    sen: Giants
- aliases:
  - Seattle
  - Mariners
  - SEA Mariners
  identifier: "Seattle Mariners"
  name:
    en: Seattle Mariners
    sen: Mariners
- aliases:
  - St. Louis
  - St.Louis
  - Saint.Louis
  - Saint Louis
  - St.Louis Cardinals
  - Saint.Louis Cardinals
  - Saint Louis Cardinals
  - Cardinals
  - STL Cardinals
  identifier: "St. Louis Cardinals"
  name:
    en: St. Louis Cardinals
    sen: Cardinals
- aliases:
  - Tampa Bay
  - Rays
  - TB Rays
  identifier: "Tampa Bay Rays"
  name:
    en: Tampa Bay Rays
    sen: Rays
- aliases:
  - Texas
  - Rangers
  - TEX Rangers
  identifier: "Texas Rangers"
  name:
    en: Texas Rangers
    sen: Rangers
- aliases:
  - Toronto
  - Blue Jays
  - TOR Blue Jays
  identifier: "Toronto Blue Jays"
  name:
    en: Toronto Blue Jays
    sen: Blue Jays
- aliases:
  - Washington
  - Nationals
  - WAS Nationals
  identifier: "Washington Nationals"
  name:
    en: Washington Nationals
    sen: Nationals
